priority,target_keyword,target_url,gbp,primary_page,supporting_content,internal_links,image,video,citations,ecosystem,social_entity,reviews,backlinks,call_tracking,status,next_action
high,Printer Repair Saskatoon,https://vonex.ca/printer-repair-saskatoon,,,,,,,,,,,,,planned,Build stack
high,Copier Service Saskatoon,https://vonex.ca/copier-service-saskatoon,,,,,,,,,,,,,planned,Build stack
high,Printer Leasing Saskatoon,https://vonex.ca/lease-rental,,,,,,,,,,,,,planned,Build stack
high,Commercial Copier Lease,https://vonex.ca/lease-rental,,,,,,,,,,,,,planned,Build stack
high,Managed Print Services,https://vonex.ca/managed-print,,,,,,,,,,,,,planned,Build stack
high,Kyocera Service Saskatoon,https://vonex.ca/kyocera-authorized-dealer-saskatoon,,,,,,,,,,,,,planned,Build stack
high,HP Printer Service Saskatoon,https://vonex.ca/hp-printer-service-saskatoon,,,,,,,,,,,,,planned,Build stack
medium,Lexmark Printer Service Saskatoon,https://vonex.ca/lexmark-printer-service-saskatoon,,,,,,,,,,,,,planned,Build stack
medium,Zebra Printer Sales and Service,https://vonex.ca/brands,,,,,,,,,,,,,planned,Build stack
medium,Printer Supplies Canada,https://shop.vonex.ca/,,,,,,,,,,,,,planned,Build ecommerce stack
medium,Toner Canada,https://shop.vonex.ca/,,,,,,,,,,,,,planned,Build ecommerce stack
medium,Ink Canada,https://shop.vonex.ca/,,,,,,,,,,,,,planned,Build ecommerce stack
medium,Regina Printer Repair,https://vonex.ca/printer-repair-regina,,,,,,,,,,,,,planned,Build stack
medium,Regina Copier Service,https://vonex.ca/copier-service-regina,,,,,,,,,,,,,planned,Build stack
