source_url,source_type,priority,property,target_url,opportunity,status,notes
https://www.shopinsaskatoon.com/,local-directory,high,vonex.ca,https://vonex.ca/,Saskatoon business listing,prospect,"Relevant local directory; verify listing process and whether link is followed."
https://directory.techhelp.ca/,canadian-directory,high,vonex.ca,https://vonex.ca/,Canadian business listing,prospect,"Directory explicitly accepts Canadian businesses and provides public business profiles."
https://thechamber.saskatoonchamber.com/list,local-association,high,vonex.ca,https://vonex.ca/,Chamber membership/profile,prospect,"Investigate membership and business-directory eligibility; do not create duplicate profile."
https://www.nsbasask.com/business-directory/,local-association,high,vonex.ca,https://vonex.ca/,NSBA business directory,prospect,"Investigate membership/listing eligibility."
https://business.saskchamber.com/list/category/technology-computers-telecommunications-17,provincial-association,medium,vonex.ca,https://vonex.ca/,Saskatchewan Chamber directory,prospect,"Check whether Vonex qualifies for a technology/business-services category."
https://www.sasktech.org/members/,industry-association,high,vonex.ca,https://vonex.ca/,SaskTech membership/profile,prospect,"Relevant Saskatchewan technology ecosystem; investigate membership requirements."
https://www.itsaofsask.org/,industry-association,high,vonex.ca,https://vonex.ca/,ITSA membership/industry participation,prospect,"Relevant Saskatchewan business/IT ecosystem; investigate eligibility and profile links."
https://spia.ca/member-directory/,industry-association,medium,vonex.ca,https://vonex.ca/,Printing-industry membership,prospect,"Relevant Saskatchewan printing/allied-industry association; investigate whether Vonex qualifies."
https://sasktrade.com/,trade-association,medium,vonex.ca,https://vonex.ca/,Technology/member directory opportunity,prospect,"Review STEP membership and directory eligibility."
https://www.bta.org/,industry-association,medium,vonex.ca,https://vonex.ca/,Business Technology Association membership,prospect,"Relevant copier/printer dealer industry association; verify Canadian membership eligibility."
https://www.westlistings.com/,regional-directory,medium,vonex.ca,https://vonex.ca/,Western Canada listing,prospect,"Relevant Western Canada directory; verify cost and editorial value before any paid option."
https://www.canadianbusinessdirectory.ca/,canadian-directory,medium,vonex.ca,https://vonex.ca/,Canadian business listing,prospect,"Existing tracker target; verify listing status before submitting."
https://www.profilecanada.com/companydetail.cfm?company=312806_Vonex_Business_Solutions_Saskatoon_SK,existing-mention,high,vonex.ca,https://vonex.ca/,NAP correction,prospect,"Existing Vonex page currently shows incorrect postal code S7K 7E6; correct to S7K 1K6."
https://www.yellowpages.ca/bus/Saskatchewan/Saskatoon/Vonex-Business-Solutions/105033051.html,existing-mention,high,vonex.ca,https://vonex.ca/,NAP correction,prospect,"Existing Vonex page currently shows incorrect postal code S7K 7E6; correct to S7K 1K6."
